"Id";"Designator";"Footprint";"Quantity";"Designation";"Supplier and ref";
1;"C1";"C_0805_2012Metric";1;"10 µF, 10 V";;;
2;"C2";"C_0603_1608Metric";1;"100 nF, 10 V";;;
3;"C3";"C_0805_2012Metric";1;"10 µF, 6.3 V";;;
4;"C4, C6";"C_0603_1608Metric";2;"100 nF";;;
5;"C5";"C_0805_2012Metric";1;"10 µF";;;
6;"C7, C8, C9";"C_0603_1608Metric";3;"100nF";;;
7;"D1, D2";"LED_0603_1608Metric";2;"LED";;;
8;"J1";"PhoenixContact_MSTBA_2,5_2-G_1x02_P5.00mm_Horizontal";1;"POWER IN";;;
9;"J2";"PinHeader_1x03_P2.54mm_Vertical";1;"PRESSURE";;;
10;"J3";"PinHeader_1x02_P2.54mm_Vertical";1;"THERMOCOUPLE 1";;;
11;"J4";"PinHeader_1x02_P2.54mm_Vertical";1;"THERMOCOUPLE 2";;;
12;"J5";"PinHeader_1x04_P2.54mm_Vertical";1;"UART";;;
13;"R1, R6, R7";"R_0603_1608Metric";3;"1k";;;
14;"R2";"R_0603_1608Metric";1;"10k";;;
15;"R3";"R_0603_1608Metric";1;"20k";;;
16;"SW1";"SW_SPST_TL3305A";1;"RESET";;;
17;"U1";"ESP32-WROOM-32";1;"ESP32-WROOM-32E";;;
18;"U2";"SOT-23-5";1;"AP2112K-3.3";;;
19;"U3, U4";"SOIC-8_3.9x4.9mm_P1.27mm";2;"MAX31855EASA";;;
